<?xml version='1.0' encoding='UTF-8'?>
<?artifactRepository version='1.1.0'?>
<repository name='file:/C:/Users/riaz/AnypointStudio/workspace/hazelcast-client-connector/target/update-site/ - artifacts' type='org.eclipse.equinox.p2.artifact.repository.simpleRepository' version='1'>
  <properties size='2'>
    <property name='p2.timestamp' value='1546652872088'/>
    <property name='p2.compressed' value='false'/>
  </properties>
  <mappings size='3'>
    <rule filter='(&amp; (classifier=osgi.bundle))' output='${repoUrl}/plugins/${id}_${version}.jar'/>
    <rule filter='(&amp; (classifier=binary))' output='${repoUrl}/binary/${id}_${version}'/>
    <rule filter='(&amp; (classifier=org.eclipse.update.feature))' output='${repoUrl}/features/${id}_${version}.jar'/>
  </mappings>
  <artifacts size='2'>
    <artifact classifier='org.eclipse.update.feature' id='org.mule.tooling.ui.extension.hazelcast-client-connector.3.5.0' version='1.0.0.201901050147'>
      <properties size='4'>
        <property name='artifact.size' value='655'/>
        <property name='download.size' value='655'/>
        <property name='download.md5' value='84ab6d44033dbb9646be3191365ee682'/>
        <property name='download.contentType' value='application/zip'/>
      </properties>
    </artifact>
    <artifact classifier='osgi.bundle' id='org.mule.tooling.ui.contribution.hazelcast-client.3.5.0' version='1.0.0.201901050147'>
      <properties size='3'>
        <property name='artifact.size' value='19301036'/>
        <property name='download.size' value='19301036'/>
        <property name='download.md5' value='bfdfdac26b83a11c8fc4e66e1c92c69d'/>
      </properties>
    </artifact>
  </artifacts>
</repository>
